day, week_delay
Sun,5.910416666666669
Mon,6.309085510688837
Tue,6.352076124567473
Wed,6.053828439838798
Thu,6.280559646539028
Fri,5.941268598277211
Sat,5.801851851851853
