day, week_delay
Sun,5.775652934841144
Mon,6.186479591836735
Tue,6.2298435619735235
Wed,6.108908273856726
Thu,6.102347417840377
Fri,5.940278601066982
Sat,5.7769811320754725
