day, week_delay
Sun,5.845959595959596
Mon,6.114253393665159
Tue,6.2008040626322485
Wed,6.29764549089294
Thu,6.311688311688311
Fri,6.160390516039048
Sat,5.695211786372006
