day, week_delay
Sun,5.841682419659736
Mon,6.004492699363532
Tue,5.868669228082429
Wed,5.93359514459122
Thu,6.0218278253773985
Fri,6.228699551569506
Sat,5.4763005780346825
