day, week_delay
Sun,5.197802197802196
Mon,5.9131659836065555
Tue,5.654401490451796
Wed,5.73435972629521
Thu,5.657986111111108
Fri,5.593634928984747
Sat,5.439157036029911
