day, week_delay
Sun,5.451204055766796
Mon,6.35819486404834
Tue,6.340418118466898
Wed,6.25018155410312
Thu,6.442814625850341
Fri,6.089052287581702
Sat,5.891511683357174
