day, week_delay
Sun,5.660140562248995
Mon,5.9864610755923255
Tue,5.945298846557149
Wed,5.706870229007635
Thu,5.809830960854096
Fri,5.879215851602021
Sat,5.69268558951965
