day, week_delay
Sun,5.696115886660297
Mon,6.011805998723678
Tue,6.077142857142863
Wed,6.088057771071344
Thu,6.1595017098192475
Fri,5.997811564155729
Sat,5.663866666666665
