day, week_delay
Sun,5.909836065573771
Mon,5.507790368271955
Tue,5.566149297856619
Wed,5.729877216916783
Thu,5.363948497854077
Fri,5.298446443172526
Sat,5.038863109048725
