day, week_delay
Sun,6.039960208142028
Mon,6.279858849077091
Tue,6.246564885496182
Wed,6.309150657229525
Thu,6.2432352941176426
Fri,6.563501144164763
Sat,6.082822085889571
