day, week_delay
Sun,4.436642027455122
Mon,4.9751615508885285
Tue,5.18627057406664
Wed,4.849919419822722
Thu,4.957694341618192
Fri,5.01008329679965
Sat,4.875137513751374
