day, week_delay
Sun,4.826285240464346
Mon,5.113075506445665
Tue,5.115042674253199
Wed,5.26162162162162
Thu,5.259974533106961
Fri,5.243258219431104
Sat,4.819179389312977
