day,timeslot_delay
ore6_9,3.2332813413920856
ore14_15,4.277647058823543
ore20_23,4.948400412796718
ore0_5,1.9674887892376682
ore10_13,3.424614820249444
ore16_19,4.301587301587298
