day,timeslot_delay
ore6_9,3.755872483221473
ore14_15,4.771924290220817
ore20_23,6.305111821086263
ore0_5,2.8600000000000003
ore10_13,4.212506624271332
ore16_19,4.58853076601089
