day,timeslot_delay
ore6_9,4.40829054741177
ore14_15,5.456630824372756
ore20_23,5.9540308747855955
ore0_5,2.4185267857142887
ore10_13,4.789645999590749
ore16_19,6.915041782729816
