day,timeslot_delay
ore6_9,4.445362513026654
ore14_15,6.375416389073944
ore20_23,8.749279538904899
ore0_5,2.255636363636364
ore10_13,5.408163265306109
ore16_19,7.3864884657634535
