day,timeslot_delay
ore6_9,5.057152753723592
ore14_15,4.900271537891878
ore20_23,6.564556962025319
ore0_5,2.6929824561403533
ore10_13,4.462675312924141
ore16_19,6.510718789407324
