day,timeslot_delay
ore6_9,4.4162635635331124
ore14_15,4.8627009646302275
ore20_23,8.356080489938755
ore0_5,2.374090909090908
ore10_13,6.609935379644579
ore16_19,6.417510121457485
