day,timeslot_delay
ore6_9,4.0538080307474464
ore14_15,7.160096264038507
ore20_23,8.28707414829659
ore0_5,2.604501607717038
ore10_13,6.343966079582521
ore16_19,7.819569120287249
