day,timeslot_delay
ore6_9,3.9380778120184887
ore14_15,4.485659655831741
ore20_23,6.999189627228524
ore0_5,1.4295774647887327
ore10_13,5.394790085988875
ore16_19,5.6411635138636935
