day,timeslot_delay
ore6_9,3.4699813631522884
ore14_15,4.745746691871467
ore20_23,6.837749615975421
ore0_5,8.393234672304441
ore10_13,4.878425173140626
ore16_19,5.409095908490985
