day,timeslot_delay
ore6_9,3.385845682166586
ore14_15,3.4320259865255025
ore20_23,5.0106382978723465
ore0_5,2.820214252445271
ore10_13,3.5956310679611656
ore16_19,4.21012503812138
