day,timeslot_delay
ore6_9,4.080324306252093
ore14_15,4.225941422594142
ore20_23,6.897435897435898
ore0_5,3.255248091603055
ore10_13,5.134806216064405
ore16_19,4.823293172690761
