day,timeslot_delay
ore6_9,4.208907685881361
ore14_15,5.0981132075471765
ore20_23,6.209594333547973
ore0_5,1.9814241486068105
ore10_13,5.686680244399163
ore16_19,5.494081081081086
